type,train_image,test_image
exact_train_train,image0067.jpg,image2769.jpg
exact_train_train,image0088.jpg,image2790.jpg
exact_train_train,image0096.jpg,image2798.jpg
exact_train_train,image0105.jpg,image2807.jpg
exact_train_train,image0110.jpg,image2812.jpg
exact_train_train,image0122.jpg,image2824.jpg
exact_train_train,image0259.jpg,image2961.jpg
exact_train_train,image0262.jpg,image2964.jpg
exact_train_train,image0265.jpg,image2967.jpg
exact_train_train,image0286.jpg,image2988.jpg
exact_train_train,image0289.jpg,image2991.jpg
exact_train_train,image0290.jpg,image2992.jpg
exact_train_train,image0292.jpg,image2994.jpg
exact_train_train,image0297.jpg,image2999.jpg
exact_train_train,image0299.jpg,image3001.jpg
exact_train_train,image0331.jpg,image3033.jpg
exact_train_train,image0339.jpg,image3041.jpg
exact_train_train,image0343.jpg,image3045.jpg
exact_train_train,image0363.jpg,image3065.jpg
exact_train_train,image0398.jpg,image3100.jpg
exact_train_train,image0417.jpg,image3119.jpg
exact_train_train,image0427.jpg,image3129.jpg
exact_train_train,image0434.jpg,image3136.jpg
exact_train_train,image0445.jpg,image3147.jpg
exact_train_train,image0468.jpg,image3170.jpg
exact_train_train,image0487.jpg,image3189.jpg
exact_train_train,image0494.jpg,image3196.jpg
exact_train_train,image0497.jpg,image3199.jpg
exact_train_train,image0510.jpg,image3212.jpg
exact_train_train,image0531.jpg,image3233.jpg
exact_train_train,image0536.jpg,image3238.jpg
exact_train_train,image0551.jpg,image3253.jpg
exact_train_train,image0557.jpg,image3259.jpg
exact_train_train,image0568.jpg,image3270.jpg
exact_train_train,image0598.jpg,image3300.jpg
exact_train_train,image0612.jpg,image3314.jpg
exact_train_train,image0659.jpg,image3361.jpg
exact_train_train,image0672.jpg,image3374.jpg
exact_train_train,image0680.jpg,image3382.jpg
exact_train_train,image0687.jpg,image3389.jpg
exact_train_train,image0694.jpg,image3396.jpg
exact_train_train,image0696.jpg,image3398.jpg
exact_train_train,image0706.jpg,image3408.jpg
exact_train_train,image0715.jpg,image3417.jpg
exact_train_train,image0720.jpg,image3422.jpg
exact_train_train,image0726.jpg,image3428.jpg
exact_train_train,image0770.jpg,image3473.jpg
exact_train_train,image0771.jpg,image3474.jpg
exact_train_train,image0772.jpg,image3475.jpg
exact_train_train,image0790.jpg,image3493.jpg
exact_train_train,image0833.jpg,image3536.jpg
exact_train_train,image0849.jpg,image3552.jpg
exact_train_train,image0864.jpg,image3567.jpg
exact_train_train,image0871.jpg,image3574.jpg
exact_train_train,image0874.jpg,image3577.jpg
exact_train_train,image0921.jpg,image3624.jpg
exact_train_train,image0922.jpg,image3625.jpg
exact_train_train,image0948.jpg,image3651.jpg
exact_train_train,image0950.jpg,image3653.jpg
exact_train_train,image0968.jpg,image3671.jpg
exact_train_train,image0983.jpg,image3686.jpg
exact_train_train,image0996.jpg,image3699.jpg
exact_train_train,image1027.jpg,image3730.jpg
exact_train_train,image1036.jpg,image3739.jpg
exact_train_train,image1085.jpg,image3788.jpg
exact_train_train,image1087.jpg,image3790.jpg
exact_train_train,image1108.jpg,image3811.jpg
exact_train_train,image1156.jpg,image1937.jpg
exact_train_train,image1281.jpg,image2062.jpg
exact_train_train,image1395.jpg,image2176.jpg
exact_train_train,image1640.jpg,image2421.jpg
exact_train_train,image1672.jpg,image2453.jpg
exact_train_train,image1705.jpg,image2486.jpg
exact_train_train,image1744.jpg,image2525.jpg
exact_train_train,image1794.jpg,image2575.jpg
exact_train_train,image1825.jpg,image2606.jpg
exact_train_train,image1838.jpg,image2619.jpg
exact_train_train,image1849.jpg,image2630.jpg
exact_train_train,image1868.jpg,image2649.jpg
exact_train_train,image1883.jpg,image2664.jpg
ahash_train_test,image0012.jpg,image10000.jpg
ahash_train_test,image0396.jpg,image10000.jpg
ahash_train_test,image0568.jpg,image10000.jpg
ahash_train_test,image0918.jpg,image10000.jpg
ahash_train_test,image1006.jpg,image10000.jpg
ahash_train_test,image1130.jpg,image10000.jpg
ahash_train_test,image3270.jpg,image10000.jpg
ahash_train_test,image3485.jpg,image10000.jpg
ahash_train_test,image3709.jpg,image10000.jpg
ahash_train_test,image3833.jpg,image10000.jpg
ahash_train_test,image0442.jpg,image10002.jpg
ahash_train_test,image0569.jpg,image10002.jpg
ahash_train_test,image0655.jpg,image10002.jpg
ahash_train_test,image0698.jpg,image10002.jpg
ahash_train_test,image0800.jpg,image10002.jpg
ahash_train_test,image0810.jpg,image10002.jpg
ahash_train_test,image0829.jpg,image10002.jpg
ahash_train_test,image0867.jpg,image10002.jpg
ahash_train_test,image0875.jpg,image10002.jpg
ahash_train_test,image0923.jpg,image10002.jpg
ahash_train_test,image0965.jpg,image10002.jpg
ahash_train_test,image1018.jpg,image10002.jpg
ahash_train_test,image1056.jpg,image10002.jpg
ahash_train_test,image1138.jpg,image10002.jpg
ahash_train_test,image2720.jpg,image10002.jpg
ahash_train_test,image2906.jpg,image10002.jpg
ahash_train_test,image2930.jpg,image10002.jpg
ahash_train_test,image2968.jpg,image10002.jpg
ahash_train_test,image3022.jpg,image10002.jpg
ahash_train_test,image3061.jpg,image10002.jpg
ahash_train_test,image3105.jpg,image10002.jpg
ahash_train_test,image3106.jpg,image10002.jpg
ahash_train_test,image3144.jpg,image10002.jpg
ahash_train_test,image3149.jpg,image10002.jpg
ahash_train_test,image3157.jpg,image10002.jpg
ahash_train_test,image3271.jpg,image10002.jpg
ahash_train_test,image3281.jpg,image10002.jpg
ahash_train_test,image3291.jpg,image10002.jpg
ahash_train_test,image3357.jpg,image10002.jpg
ahash_train_test,image3400.jpg,image10002.jpg
ahash_train_test,image3503.jpg,image10002.jpg
ahash_train_test,image3513.jpg,image10002.jpg
ahash_train_test,image3532.jpg,image10002.jpg
ahash_train_test,image3570.jpg,image10002.jpg
ahash_train_test,image3578.jpg,image10002.jpg
ahash_train_test,image3721.jpg,image10002.jpg
ahash_train_test,image3841.jpg,image10002.jpg
ahash_train_test,image2509.jpg,image10004.jpg
ahash_train_test,image0307.jpg,image10007.jpg
ahash_train_test,image2863.jpg,image10007.jpg
ahash_train_test,image3677.jpg,image10007.jpg
ahash_train_test,image2138.jpg,image10011.jpg
ahash_train_test,image1381.jpg,image10012.jpg
ahash_train_test,87image0100.jpg,image10013.jpg
ahash_train_test,image2882.jpg,image10016.jpg
ahash_train_test,image2401.jpg,image10020.jpg
ahash_train_test,image0330.jpg,image10021.jpg
ahash_train_test,image1088.jpg,image10021.jpg
ahash_train_test,image3032.jpg,image10021.jpg
ahash_train_test,image1797.jpg,image10024.jpg
ahash_train_test,73image0092.jpg,image10028.jpg
ahash_train_test,image2696.jpg,image10033.jpg
ahash_train_test,image0665.jpg,image10034.jpg
ahash_train_test,image0703.jpg,image10034.jpg
ahash_train_test,image0713.jpg,image10034.jpg
ahash_train_test,image0839.jpg,image10034.jpg
ahash_train_test,image0841.jpg,image10034.jpg
ahash_train_test,image1026.jpg,image10034.jpg
ahash_train_test,image2711.jpg,image10034.jpg
ahash_train_test,image3367.jpg,image10034.jpg
ahash_train_test,image3405.jpg,image10034.jpg
ahash_train_test,image3436.jpg,image10034.jpg
ahash_train_test,image3554.jpg,image10034.jpg
ahash_train_test,image3575.jpg,image10034.jpg
ahash_train_test,image0594.jpg,image10035.jpg
ahash_train_test,image0527.jpg,image10036.jpg
ahash_train_test,image2811.jpg,image10036.jpg
ahash_train_test,image2916.jpg,image10036.jpg
ahash_train_test,image2954.jpg,image10036.jpg
ahash_train_test,image3002.jpg,image10036.jpg
ahash_train_test,image3011.jpg,image10036.jpg
ahash_train_test,image3198.jpg,image10036.jpg
ahash_train_test,image3229.jpg,image10036.jpg
ahash_train_test,image3299.jpg,image10036.jpg
ahash_train_test,image3351.jpg,image10036.jpg
ahash_train_test,image3442.jpg,image10036.jpg
ahash_train_test,image3600.jpg,image10036.jpg
ahash_train_test,image3792.jpg,image10036.jpg
ahash_train_test,image0365.jpg,image10041.jpg
ahash_train_test,image1032.jpg,image10041.jpg
ahash_train_test,image1193.jpg,image10043.jpg
ahash_train_test,image1607.jpg,image10043.jpg
ahash_train_test,image2643.jpg,image10043.jpg
ahash_train_test,image0489.jpg,image10048.jpg
ahash_train_test,image1129.jpg,image10048.jpg
ahash_train_test,image3191.jpg,image10048.jpg
ahash_train_test,image0437.jpg,image10049.jpg
ahash_train_test,image2913.jpg,image10049.jpg
ahash_train_test,image1063.jpg,image10050.jpg
ahash_train_test,image3766.jpg,image10050.jpg
ahash_train_test,image0656.jpg,image10062.jpg
ahash_train_test,image0658.jpg,image10062.jpg
ahash_train_test,image0773.jpg,image10062.jpg
ahash_train_test,image0826.jpg,image10062.jpg
ahash_train_test,image1008.jpg,image10062.jpg
ahash_train_test,image2826.jpg,image10062.jpg
ahash_train_test,image3006.jpg,image10062.jpg
ahash_train_test,image3358.jpg,image10062.jpg
ahash_train_test,image3360.jpg,image10062.jpg
ahash_train_test,image3476.jpg,image10062.jpg
ahash_train_test,image3529.jpg,image10062.jpg
ahash_train_test,image3698.jpg,image10062.jpg
ahash_train_test,image3711.jpg,image10062.jpg
ahash_train_test,97image0067.jpg,image10064.jpg
ahash_train_test,image1875.jpg,image10073.jpg
ahash_train_test,image3094.jpg,image10080.jpg
ahash_train_test,image3206.jpg,image10080.jpg
ahash_train_test,image1634.jpg,image10083.jpg
ahash_train_test,image3530.jpg,image10084.jpg
ahash_train_test,image0381.jpg,image10086.jpg
ahash_train_test,image0582.jpg,image10092.jpg
ahash_train_test,image3284.jpg,image10092.jpg
ahash_train_test,image3768.jpg,image10092.jpg
ahash_train_test,image0939.jpg,image10096.jpg
ahash_train_test,image1132.jpg,image10096.jpg
ahash_train_test,image2746.jpg,image10096.jpg
ahash_train_test,image3217.jpg,image10096.jpg
ahash_train_test,image3608.jpg,image10096.jpg
ahash_train_test,image3702.jpg,image10096.jpg
ahash_train_test,image3718.jpg,image10096.jpg
ahash_train_test,image0383.jpg,image10097.jpg
ahash_train_test,image2828.jpg,image10097.jpg
ahash_train_test,image0423.jpg,image10101.jpg
ahash_train_test,image0453.jpg,image10101.jpg
ahash_train_test,92image63.jpg,image10108.jpg
ahash_train_test,96image69.jpg,image10108.jpg
ahash_train_test,image1180.jpg,image10184.jpg
ahash_train_test,image1635.jpg,image10184.jpg
ahash_train_test,image1684.jpg,image10184.jpg
ahash_train_test,image1961.jpg,image10184.jpg
ahash_train_test,image2195.jpg,image10184.jpg
ahash_train_test,image1166.jpg,image10212.jpg
ahash_train_test,image1140.jpg,image10214.jpg
ahash_train_test,image1142.jpg,image10214.jpg
ahash_train_test,image1146.jpg,image10214.jpg
ahash_train_test,image1290.jpg,image10214.jpg
ahash_train_test,image2662.jpg,image10214.jpg
ahash_train_test,image1633.jpg,image10215.jpg
ahash_train_test,image2414.jpg,image10224.jpg
ahash_train_test,image1221.jpg,image10230.jpg
ahash_train_test,image1277.jpg,image10247.jpg
ahash_train_test,image2146.jpg,image10251.jpg
ahash_train_test,image1278.jpg,image10252.jpg
ahash_train_test,image1863.jpg,image10252.jpg
ahash_train_test,image2089.jpg,image10252.jpg
ahash_train_test,image2527.jpg,image10252.jpg
ahash_train_test,image2099.jpg,image10262.jpg
ahash_train_test,image1193.jpg,image10265.jpg
ahash_train_test,image1607.jpg,image10265.jpg
ahash_train_test,image2643.jpg,image10265.jpg
ahash_train_test,image2103.jpg,image10266.jpg
ahash_train_test,image2601.jpg,image10284.jpg
ahash_train_test,image1196.jpg,image10289.jpg
ahash_train_test,image1774.jpg,image10289.jpg
ahash_train_test,image1813.jpg,image10292.jpg
ahash_train_test,image2680.jpg,image10292.jpg
ahash_train_test,image2136.jpg,image10295.jpg
ahash_train_test,image2139.jpg,image10297.jpg
ahash_train_test,image2144.jpg,image10302.jpg
ahash_train_test,image2243.jpg,image10302.jpg
ahash_train_test,image2148.jpg,image10306.jpg
ahash_train_test,image2423.jpg,image10315.jpg
ahash_train_test,image1140.jpg,image10316.jpg
ahash_train_test,image1142.jpg,image10316.jpg
ahash_train_test,image1146.jpg,image10316.jpg
ahash_train_test,image1290.jpg,image10316.jpg
ahash_train_test,image2662.jpg,image10316.jpg
ahash_train_test,image1856.jpg,image10319.jpg
ahash_train_test,image2637.jpg,image10319.jpg
ahash_train_test,image2190.jpg,image10328.jpg
ahash_train_test,image1180.jpg,image10331.jpg
ahash_train_test,image1635.jpg,image10331.jpg
ahash_train_test,image1684.jpg,image10331.jpg
ahash_train_test,image1961.jpg,image10331.jpg
ahash_train_test,image2195.jpg,image10331.jpg
ahash_train_test,image2274.jpg,image10332.jpg
ahash_train_test,image2198.jpg,image10334.jpg
ahash_train_test,image2202.jpg,image10336.jpg
ahash_train_test,image1471.jpg,image10337.jpg
ahash_train_test,image1789.jpg,image10358.jpg
ahash_train_test,image1633.jpg,image10360.jpg
ahash_train_test,image2238.jpg,image10369.jpg
ahash_train_test,image2144.jpg,image10373.jpg
ahash_train_test,image2243.jpg,image10373.jpg
ahash_train_test,image2260.jpg,image10378.jpg
ahash_train_test,image1759.jpg,image10384.jpg
ahash_train_test,image2650.jpg,image10384.jpg
ahash_train_test,image2274.jpg,image10388.jpg
ahash_train_test,image2280.jpg,image10393.jpg
ahash_train_test,image1474.jpg,image10394.jpg
ahash_train_test,image1767.jpg,image10394.jpg
ahash_train_test,image2683.jpg,image10400.jpg
ahash_train_test,image1141.jpg,image10411.jpg
ahash_train_test,image1147.jpg,image10411.jpg
ahash_train_test,image1877.jpg,image10411.jpg
ahash_train_test,image1464.jpg,image10417.jpg
ahash_train_test,image1603.jpg,image10417.jpg
ahash_train_test,image1860.jpg,image10417.jpg
ahash_train_test,image2666.jpg,image10417.jpg
ahash_train_test,image1250.jpg,image10419.jpg
ahash_train_test,image2318.jpg,image10428.jpg
ahash_train_test,image1474.jpg,image10440.jpg
ahash_train_test,image1767.jpg,image10440.jpg
ahash_train_test,image1143.jpg,image10462.jpg
ahash_train_test,image2388.jpg,image10462.jpg
ahash_train_test,image1140.jpg,image10466.jpg
ahash_train_test,image1142.jpg,image10466.jpg
ahash_train_test,image1146.jpg,image10466.jpg
ahash_train_test,image1290.jpg,image10466.jpg
ahash_train_test,image2662.jpg,image10466.jpg
ahash_train_test,image2373.jpg,image10473.jpg
ahash_train_test,image1822.jpg,image10479.jpg
ahash_train_test,image2381.jpg,image10481.jpg
ahash_train_test,image1278.jpg,image10483.jpg
ahash_train_test,image1863.jpg,image10483.jpg
ahash_train_test,image2089.jpg,image10483.jpg
ahash_train_test,image2527.jpg,image10483.jpg
ahash_train_test,image1471.jpg,image10484.jpg
ahash_train_test,image2391.jpg,image10486.jpg
ahash_train_test,image2400.jpg,image10493.jpg
ahash_train_test,image2403.jpg,image10495.jpg
ahash_train_test,image2408.jpg,image10499.jpg
ahash_train_test,image2409.jpg,image10500.jpg
ahash_train_test,image2425.jpg,image10501.jpg
ahash_train_test,image2523.jpg,image10508.jpg
ahash_train_test,image2520.jpg,image10529.jpg
ahash_train_test,image2523.jpg,image10531.jpg
ahash_train_test,image2139.jpg,image10535.jpg
ahash_train_test,image2537.jpg,image10538.jpg
ahash_train_test,image2556.jpg,image10547.jpg
ahash_train_test,image2588.jpg,image10556.jpg
ahash_train_test,image2590.jpg,image10558.jpg
ahash_train_test,image1464.jpg,image10560.jpg
ahash_train_test,image1603.jpg,image10560.jpg
ahash_train_test,image1860.jpg,image10560.jpg
ahash_train_test,image2666.jpg,image10560.jpg
ahash_train_test,image2625.jpg,image10562.jpg
ahash_train_test,image2628.jpg,image10565.jpg
ahash_train_test,image2629.jpg,image10566.jpg
ahash_train_test,image1882.jpg,image10568.jpg
ahash_train_test,image1907.jpg,image10577.jpg
ahash_train_test,image2678.jpg,image10577.jpg
ahash_train_test,image2688.jpg,image10577.jpg
ahash_train_test,image2689.jpg,image10587.jpg
ahash_train_test,image2245.jpg,image10588.jpg
ahash_train_test,image2622.jpg,image10588.jpg
ahash_train_test,image2700.jpg,image10590.jpg
ahash_train_test,image1140.jpg,image10592.jpg
ahash_train_test,image1142.jpg,image10592.jpg
ahash_train_test,image1146.jpg,image10592.jpg
ahash_train_test,image1290.jpg,image10592.jpg
ahash_train_test,image2662.jpg,image10592.jpg
ahash_train_test,image2245.jpg,image10593.jpg
ahash_train_test,image2622.jpg,image10593.jpg
ahash_train_test,image1140.jpg,image10594.jpg
ahash_train_test,image1142.jpg,image10594.jpg
ahash_train_test,image1146.jpg,image10594.jpg
ahash_train_test,image1290.jpg,image10594.jpg
ahash_train_test,image2662.jpg,image10594.jpg
ahash_train_test,image2245.jpg,image10595.jpg
ahash_train_test,image2622.jpg,image10595.jpg
ahash_train_test,image1144.jpg,image10596.jpg
ahash_train_test,image1149.jpg,image10596.jpg
ahash_train_test,image1712.jpg,image10596.jpg
ahash_train_test,image1773.jpg,image10596.jpg
ahash_train_test,image1802.jpg,image10596.jpg
ahash_train_test,image1917.jpg,image10596.jpg
ahash_train_test,image2554.jpg,image10596.jpg
ahash_train_test,image2583.jpg,image10596.jpg
ahash_train_test,image2698.jpg,image10596.jpg
ahash_train_test,image1139.jpg,image10597.jpg
ahash_train_test,image1650.jpg,image10598.jpg
ahash_train_test,image1974.jpg,image10598.jpg
ahash_train_test,image1965.jpg,image10599.jpg
ahash_train_test,image1144.jpg,image10600.jpg
ahash_train_test,image1149.jpg,image10600.jpg
ahash_train_test,image1712.jpg,image10600.jpg
ahash_train_test,image1773.jpg,image10600.jpg
ahash_train_test,image1802.jpg,image10600.jpg
ahash_train_test,image1917.jpg,image10600.jpg
ahash_train_test,image2554.jpg,image10600.jpg
ahash_train_test,image2583.jpg,image10600.jpg
ahash_train_test,image2698.jpg,image10600.jpg
ahash_train_test,image1834.jpg,image10604.jpg
ahash_train_test,image1197.jpg,image10605.jpg
ahash_train_test,image1199.jpg,image10607.jpg
ahash_train_test,image1790.jpg,image10611.jpg
ahash_train_test,image1180.jpg,image10622.jpg
ahash_train_test,image1635.jpg,image10622.jpg
ahash_train_test,image1684.jpg,image10622.jpg
ahash_train_test,image1961.jpg,image10622.jpg
ahash_train_test,image2195.jpg,image10622.jpg
ahash_train_test,image1219.jpg,image10627.jpg
ahash_train_test,image1221.jpg,image10629.jpg
ahash_train_test,image1907.jpg,image10630.jpg
ahash_train_test,image2678.jpg,image10630.jpg
ahash_train_test,image2688.jpg,image10630.jpg
ahash_train_test,image1965.jpg,image10632.jpg
ahash_train_test,image2142.jpg,image10647.jpg
ahash_train_test,image2438.jpg,image10649.jpg
ahash_train_test,image1242.jpg,image10650.jpg
ahash_train_test,image1244.jpg,image10652.jpg
ahash_train_test,image1765.jpg,image10659.jpg
ahash_train_test,image1766.jpg,image10659.jpg
ahash_train_test,image2627.jpg,image10659.jpg
ahash_train_test,image1140.jpg,image10660.jpg
ahash_train_test,image1142.jpg,image10660.jpg
ahash_train_test,image1146.jpg,image10660.jpg
ahash_train_test,image1290.jpg,image10660.jpg
ahash_train_test,image2662.jpg,image10660.jpg
ahash_train_test,image1286.jpg,image10661.jpg
ahash_train_test,image2602.jpg,image10663.jpg
ahash_train_test,image2468.jpg,image10670.jpg
ahash_train_test,image1965.jpg,image10673.jpg
ahash_train_test,image1267.jpg,image10674.jpg
ahash_train_test,image1221.jpg,image10679.jpg
ahash_train_test,image1286.jpg,image10687.jpg
ahash_train_test,image1292.jpg,image10693.jpg
ahash_train_test,image2511.jpg,image10695.jpg
ahash_train_test,image1468.jpg,image10696.jpg
ahash_train_test,image1464.jpg,image10701.jpg
ahash_train_test,image1603.jpg,image10701.jpg
ahash_train_test,image1860.jpg,image10701.jpg
ahash_train_test,image2666.jpg,image10701.jpg
ahash_train_test,image1277.jpg,image10702.jpg
ahash_train_test,image2106.jpg,image10704.jpg
ahash_train_test,image2245.jpg,image10717.jpg
ahash_train_test,image2622.jpg,image10717.jpg
ahash_train_test,image1820.jpg,image10724.jpg
ahash_train_test,image2384.jpg,image10725.jpg
ahash_train_test,image1196.jpg,image10730.jpg
ahash_train_test,image1774.jpg,image10730.jpg
ahash_train_test,image1378.jpg,image10748.jpg
ahash_train_test,image1380.jpg,image10750.jpg
ahash_train_test,image1383.jpg,image10752.jpg
ahash_train_test,image1400.jpg,image10762.jpg
ahash_train_test,image1419.jpg,image10771.jpg
ahash_train_test,image2414.jpg,image10794.jpg
ahash_train_test,image1798.jpg,image10796.jpg
ahash_train_test,image1143.jpg,image10804.jpg
ahash_train_test,image2388.jpg,image10804.jpg
ahash_train_test,image1633.jpg,image10808.jpg
ahash_train_test,image2106.jpg,image10810.jpg
ahash_train_test,image2611.jpg,image10818.jpg
ahash_train_test,image1759.jpg,image10820.jpg
ahash_train_test,image2650.jpg,image10820.jpg
ahash_train_test,image1490.jpg,image10824.jpg
ahash_train_test,image2136.jpg,image10826.jpg
ahash_train_test,image1141.jpg,image10844.jpg
ahash_train_test,image1147.jpg,image10844.jpg
ahash_train_test,image1877.jpg,image10844.jpg
ahash_train_test,image2384.jpg,image10853.jpg
ahash_train_test,image1196.jpg,image10857.jpg
ahash_train_test,image1774.jpg,image10857.jpg
ahash_train_test,image1562.jpg,image10882.jpg
ahash_train_test,image1192.jpg,image10885.jpg
ahash_train_test,image1652.jpg,image10885.jpg
ahash_train_test,image2644.jpg,image10893.jpg
ahash_train_test,image1584.jpg,image10903.jpg
ahash_train_test,image1667.jpg,image10917.jpg
ahash_train_test,image1669.jpg,image10919.jpg
ahash_train_test,image1862.jpg,image10920.jpg
ahash_train_test,image1180.jpg,image10924.jpg
ahash_train_test,image1635.jpg,image10924.jpg
ahash_train_test,image1684.jpg,image10924.jpg
ahash_train_test,image1961.jpg,image10924.jpg
ahash_train_test,image2195.jpg,image10924.jpg
ahash_train_test,image1685.jpg,image10925.jpg
ahash_train_test,image1692.jpg,image10927.jpg
ahash_train_test,image1403.jpg,image10928.jpg
ahash_train_test,image2184.jpg,image10928.jpg
ahash_train_test,image2464.jpg,image10934.jpg
ahash_train_test,image1144.jpg,image10940.jpg
ahash_train_test,image1149.jpg,image10940.jpg
ahash_train_test,image1712.jpg,image10940.jpg
ahash_train_test,image1773.jpg,image10940.jpg
ahash_train_test,image1802.jpg,image10940.jpg
ahash_train_test,image1917.jpg,image10940.jpg
ahash_train_test,image2554.jpg,image10940.jpg
ahash_train_test,image2583.jpg,image10940.jpg
ahash_train_test,image2698.jpg,image10940.jpg
ahash_train_test,image1713.jpg,image10941.jpg
ahash_train_test,image1705.jpg,image10946.jpg
ahash_train_test,image2486.jpg,image10946.jpg
ahash_train_test,image1403.jpg,image10953.jpg
ahash_train_test,image2184.jpg,image10953.jpg
ahash_train_test,image1277.jpg,image10957.jpg
ahash_train_test,image2139.jpg,image10964.jpg
ahash_train_test,image1759.jpg,image10966.jpg
ahash_train_test,image2650.jpg,image10966.jpg
ahash_train_test,image1788.jpg,image10983.jpg
ahash_train_test,image1798.jpg,image10986.jpg
ahash_train_test,image1812.jpg,image10989.jpg
ahash_train_test,image1829.jpg,image10992.jpg
ahash_train_test,image1858.jpg,image10995.jpg
ahash_train_test,image2146.jpg,image10996.jpg
ahash_train_test,image2245.jpg,image10997.jpg
ahash_train_test,image2622.jpg,image10997.jpg
ahash_train_test,image0214.jpg,image11000.jpg
ahash_train_test,image0252.jpg,image11000.jpg
ahash_train_test,image0300.jpg,image11000.jpg
ahash_train_test,image0309.jpg,image11000.jpg
ahash_train_test,image0496.jpg,image11000.jpg
ahash_train_test,image0597.jpg,image11000.jpg
ahash_train_test,image0740.jpg,image11000.jpg
ahash_train_test,image0987.jpg,image11000.jpg
ahash_train_test,image3201.jpg,image11000.jpg
ahash_train_test,image3690.jpg,image11000.jpg
ahash_train_test,image3733.jpg,image11000.jpg
ahash_train_test,image0108.jpg,image11001.jpg
ahash_train_test,image2810.jpg,image11001.jpg
ahash_train_test,image0071.jpg,image11002.jpg
ahash_train_test,image0235.jpg,image11002.jpg
ahash_train_test,image0528.jpg,image11002.jpg
ahash_train_test,image0681.jpg,image11002.jpg
ahash_train_test,image1089.jpg,image11002.jpg
ahash_train_test,image1133.jpg,image11002.jpg
ahash_train_test,image2704.jpg,image11002.jpg
ahash_train_test,image2709.jpg,image11002.jpg
ahash_train_test,image2733.jpg,image11002.jpg
ahash_train_test,image2773.jpg,image11002.jpg
ahash_train_test,image3104.jpg,image11002.jpg
ahash_train_test,image3183.jpg,image11002.jpg
ahash_train_test,image3230.jpg,image11002.jpg
ahash_train_test,image3383.jpg,image11002.jpg
ahash_train_test,image3606.jpg,image11002.jpg
ahash_train_test,image3836.jpg,image11002.jpg
ahash_train_test,image0382.jpg,image11003.jpg
ahash_train_test,image0488.jpg,image11003.jpg
ahash_train_test,image0535.jpg,image11004.jpg
ahash_train_test,image0282.jpg,image11006.jpg
ahash_train_test,image2718.jpg,image11010.jpg
ahash_train_test,image3056.jpg,image11011.jpg
ahash_train_test,image0591.jpg,image11016.jpg
ahash_train_test,image0629.jpg,image11016.jpg
ahash_train_test,image0208.jpg,image11021.jpg
ahash_train_test,image0280.jpg,image11021.jpg
ahash_train_test,image0297.jpg,image11021.jpg
ahash_train_test,image0313.jpg,image11021.jpg
ahash_train_test,image0524.jpg,image11021.jpg
ahash_train_test,image0534.jpg,image11021.jpg
ahash_train_test,image0706.jpg,image11021.jpg
ahash_train_test,image0748.jpg,image11021.jpg
ahash_train_test,image0784.jpg,image11021.jpg
ahash_train_test,image0785.jpg,image11021.jpg
ahash_train_test,image0952.jpg,image11021.jpg
ahash_train_test,image1019.jpg,image11021.jpg
ahash_train_test,image1076.jpg,image11021.jpg
ahash_train_test,image2999.jpg,image11021.jpg
ahash_train_test,image3408.jpg,image11021.jpg
ahash_train_test,image3438.jpg,image11021.jpg
ahash_train_test,image3450.jpg,image11021.jpg
ahash_train_test,image3487.jpg,image11021.jpg
ahash_train_test,image3488.jpg,image11021.jpg
ahash_train_test,image3621.jpg,image11021.jpg
ahash_train_test,image3722.jpg,image11021.jpg
ahash_train_test,image3779.jpg,image11021.jpg
ahash_train_test,image0369.jpg,image11024.jpg
ahash_train_test,image0391.jpg,image11024.jpg
ahash_train_test,image0690.jpg,image11024.jpg
ahash_train_test,image3746.jpg,image11024.jpg
ahash_train_test,image0285.jpg,image11028.jpg
ahash_train_test,image0438.jpg,image11028.jpg
ahash_train_test,image3650.jpg,image11028.jpg
ahash_train_test,image0282.jpg,image11029.jpg
ahash_train_test,image0979.jpg,image11033.jpg
ahash_train_test,image3415.jpg,image11033.jpg
ahash_train_test,image3447.jpg,image11033.jpg
ahash_train_test,image2747.jpg,image11038.jpg
ahash_train_test,image0527.jpg,image11039.jpg
ahash_train_test,image2811.jpg,image11039.jpg
ahash_train_test,image2916.jpg,image11039.jpg
ahash_train_test,image2954.jpg,image11039.jpg
ahash_train_test,image3002.jpg,image11039.jpg
ahash_train_test,image3011.jpg,image11039.jpg
ahash_train_test,image3198.jpg,image11039.jpg
ahash_train_test,image3229.jpg,image11039.jpg
ahash_train_test,image3299.jpg,image11039.jpg
ahash_train_test,image3351.jpg,image11039.jpg
ahash_train_test,image3442.jpg,image11039.jpg
ahash_train_test,image3600.jpg,image11039.jpg
ahash_train_test,image3792.jpg,image11039.jpg
ahash_train_test,image0532.jpg,image11040.jpg
ahash_train_test,image0678.jpg,image11040.jpg
ahash_train_test,image0893.jpg,image11040.jpg
ahash_train_test,image2925.jpg,image11040.jpg
ahash_train_test,image3148.jpg,image11040.jpg
ahash_train_test,image3596.jpg,image11040.jpg
ahash_train_test,image0627.jpg,image11044.jpg
ahash_train_test,image2766.jpg,image11044.jpg
ahash_train_test,image3329.jpg,image11044.jpg
ahash_train_test,image3424.jpg,image11044.jpg
ahash_train_test,image3094.jpg,image11045.jpg
ahash_train_test,image3206.jpg,image11045.jpg
ahash_train_test,image2784.jpg,image11047.jpg
ahash_train_test,image3075.jpg,image11052.jpg
ahash_train_test,image3076.jpg,image11053.jpg
ahash_train_test,image0208.jpg,image11054.jpg
ahash_train_test,image0280.jpg,image11054.jpg
ahash_train_test,image0297.jpg,image11054.jpg
ahash_train_test,image0313.jpg,image11054.jpg
ahash_train_test,image0524.jpg,image11054.jpg
ahash_train_test,image0534.jpg,image11054.jpg
ahash_train_test,image0706.jpg,image11054.jpg
ahash_train_test,image0748.jpg,image11054.jpg
ahash_train_test,image0784.jpg,image11054.jpg
ahash_train_test,image0785.jpg,image11054.jpg
ahash_train_test,image0952.jpg,image11054.jpg
ahash_train_test,image1019.jpg,image11054.jpg
ahash_train_test,image1076.jpg,image11054.jpg
ahash_train_test,image2999.jpg,image11054.jpg
ahash_train_test,image3408.jpg,image11054.jpg
ahash_train_test,image3438.jpg,image11054.jpg
ahash_train_test,image3450.jpg,image11054.jpg
ahash_train_test,image3487.jpg,image11054.jpg
ahash_train_test,image3488.jpg,image11054.jpg
ahash_train_test,image3621.jpg,image11054.jpg
ahash_train_test,image3722.jpg,image11054.jpg
ahash_train_test,image3779.jpg,image11054.jpg
ahash_train_test,image3682.jpg,image11055.jpg
ahash_train_test,image3706.jpg,image11055.jpg
ahash_train_test,image0240.jpg,image11057.jpg
ahash_train_test,image2942.jpg,image11057.jpg
ahash_train_test,image3676.jpg,image11059.jpg
ahash_train_test,image3726.jpg,image11059.jpg
ahash_train_test,image3835.jpg,image11059.jpg
ahash_train_test,image3158.jpg,image11060.jpg
ahash_train_test,image3164.jpg,image11062.jpg
ahash_train_test,image3166.jpg,image11064.jpg
ahash_train_test,image3344.jpg,image11064.jpg
ahash_train_test,image0012.jpg,image11066.jpg
ahash_train_test,image0396.jpg,image11066.jpg
ahash_train_test,image0568.jpg,image11066.jpg
ahash_train_test,image0918.jpg,image11066.jpg
ahash_train_test,image1006.jpg,image11066.jpg
ahash_train_test,image1130.jpg,image11066.jpg
ahash_train_test,image3270.jpg,image11066.jpg
ahash_train_test,image3485.jpg,image11066.jpg
ahash_train_test,image3709.jpg,image11066.jpg
ahash_train_test,image3833.jpg,image11066.jpg
ahash_train_test,image0639.jpg,image11068.jpg
ahash_train_test,image3571.jpg,image11069.jpg
ahash_train_test,image3629.jpg,image11071.jpg
ahash_train_test,image2854.jpg,image11072.jpg
ahash_train_test,image0369.jpg,image11073.jpg
ahash_train_test,image0391.jpg,image11073.jpg
ahash_train_test,image0690.jpg,image11073.jpg
ahash_train_test,image3746.jpg,image11073.jpg
ahash_train_test,image0749.jpg,image11075.jpg
ahash_train_test,image0955.jpg,image11075.jpg
ahash_train_test,image0737.jpg,image11076.jpg
ahash_train_test,image3807.jpg,image11076.jpg
ahash_train_test,image0324.jpg,image11077.jpg
ahash_train_test,image0471.jpg,image11077.jpg
ahash_train_test,image0484.jpg,image11077.jpg
ahash_train_test,image0626.jpg,image11077.jpg
ahash_train_test,image0815.jpg,image11077.jpg
ahash_train_test,image1011.jpg,image11077.jpg
ahash_train_test,image3186.jpg,image11077.jpg
ahash_train_test,image0108.jpg,image11078.jpg
ahash_train_test,image2810.jpg,image11078.jpg
ahash_train_test,image1135.jpg,image11080.jpg
ahash_train_test,image3151.jpg,image11080.jpg
ahash_train_test,image3294.jpg,image11080.jpg
ahash_train_test,image3838.jpg,image11080.jpg
ahash_train_test,image0824.jpg,image11082.jpg
ahash_train_test,image0591.jpg,image11083.jpg
ahash_train_test,image0629.jpg,image11083.jpg
ahash_train_test,image0121.jpg,image11084.jpg
ahash_train_test,image0861.jpg,image11086.jpg
ahash_train_test,image0527.jpg,image11087.jpg
ahash_train_test,image2811.jpg,image11087.jpg
ahash_train_test,image2916.jpg,image11087.jpg
ahash_train_test,image2954.jpg,image11087.jpg
ahash_train_test,image3002.jpg,image11087.jpg
ahash_train_test,image3011.jpg,image11087.jpg
ahash_train_test,image3198.jpg,image11087.jpg
ahash_train_test,image3229.jpg,image11087.jpg
ahash_train_test,image3299.jpg,image11087.jpg
ahash_train_test,image3351.jpg,image11087.jpg
ahash_train_test,image3442.jpg,image11087.jpg
ahash_train_test,image3600.jpg,image11087.jpg
ahash_train_test,image3792.jpg,image11087.jpg
ahash_train_test,image1072.jpg,image11088.jpg
ahash_train_test,image3008.jpg,image11088.jpg
ahash_train_test,image3555.jpg,image11088.jpg
ahash_train_test,image3775.jpg,image11088.jpg
ahash_train_test,image0781.jpg,image11089.jpg
ahash_train_test,image0995.jpg,image11089.jpg
ahash_train_test,image3141.jpg,image11089.jpg
ahash_train_test,image3484.jpg,image11089.jpg
ahash_train_test,image3646.jpg,image11089.jpg
ahash_train_test,image0050.jpg,image11090.jpg
ahash_train_test,image0387.jpg,image11091.jpg
ahash_train_test,image0477.jpg,image11091.jpg
ahash_train_test,image0509.jpg,image11091.jpg
ahash_train_test,image0657.jpg,image11091.jpg
ahash_train_test,image2939.jpg,image11091.jpg
ahash_train_test,image3359.jpg,image11091.jpg
ahash_train_test,image3769.jpg,image11091.jpg
ahash_train_test,image2718.jpg,image11092.jpg
ahash_train_test,image0856.jpg,image11093.jpg
ahash_train_test,image3559.jpg,image11093.jpg
ahash_train_test,image0330.jpg,image11094.jpg
ahash_train_test,image1088.jpg,image11094.jpg
ahash_train_test,image3032.jpg,image11094.jpg
ahash_train_test,image0058.jpg,image11095.jpg
ahash_train_test,image0674.jpg,image11096.jpg
ahash_train_test,image1126.jpg,image11096.jpg
ahash_train_test,image2820.jpg,image11096.jpg
ahash_train_test,image2874.jpg,image11096.jpg
ahash_train_test,image3280.jpg,image11096.jpg
ahash_train_test,image3376.jpg,image11096.jpg
ahash_train_test,image3829.jpg,image11096.jpg
ahash_train_test,image0061.jpg,image11097.jpg
ahash_train_test,image2927.jpg,image11097.jpg
ahash_train_test,image0939.jpg,image11098.jpg
ahash_train_test,image1132.jpg,image11098.jpg
ahash_train_test,image2746.jpg,image11098.jpg
ahash_train_test,image3217.jpg,image11098.jpg
ahash_train_test,image3608.jpg,image11098.jpg
ahash_train_test,image3702.jpg,image11098.jpg
ahash_train_test,image3718.jpg,image11098.jpg
ahash_train_test,image0854.jpg,image11099.jpg
ahash_train_test,image0876.jpg,image11099.jpg
ahash_train_test,image3094.jpg,image11100.jpg
ahash_train_test,image3206.jpg,image11100.jpg
ahash_train_test,image0717.jpg,image11101.jpg
ahash_train_test,image0717.jpg,image11103.jpg
ahash_train_test,image0079.jpg,image11104.jpg
ahash_train_test,image0708.jpg,image11104.jpg
ahash_train_test,image3410.jpg,image11104.jpg
ahash_train_test,image0087.jpg,image11105.jpg
ahash_train_test,image0442.jpg,image11108.jpg
ahash_train_test,image0569.jpg,image11108.jpg
ahash_train_test,image0655.jpg,image11108.jpg
ahash_train_test,image0698.jpg,image11108.jpg
ahash_train_test,image0800.jpg,image11108.jpg
ahash_train_test,image0810.jpg,image11108.jpg
ahash_train_test,image0829.jpg,image11108.jpg
ahash_train_test,image0867.jpg,image11108.jpg
ahash_train_test,image0875.jpg,image11108.jpg
ahash_train_test,image0923.jpg,image11108.jpg
ahash_train_test,image0965.jpg,image11108.jpg
ahash_train_test,image1018.jpg,image11108.jpg
ahash_train_test,image1056.jpg,image11108.jpg
ahash_train_test,image1138.jpg,image11108.jpg
ahash_train_test,image2720.jpg,image11108.jpg
ahash_train_test,image2906.jpg,image11108.jpg
ahash_train_test,image2930.jpg,image11108.jpg
ahash_train_test,image2968.jpg,image11108.jpg
ahash_train_test,image3022.jpg,image11108.jpg
ahash_train_test,image3061.jpg,image11108.jpg
ahash_train_test,image3105.jpg,image11108.jpg
ahash_train_test,image3106.jpg,image11108.jpg
ahash_train_test,image3144.jpg,image11108.jpg
ahash_train_test,image3149.jpg,image11108.jpg
ahash_train_test,image3157.jpg,image11108.jpg
ahash_train_test,image3271.jpg,image11108.jpg
ahash_train_test,image3281.jpg,image11108.jpg
ahash_train_test,image3291.jpg,image11108.jpg
ahash_train_test,image3357.jpg,image11108.jpg
ahash_train_test,image3400.jpg,image11108.jpg
ahash_train_test,image3503.jpg,image11108.jpg
ahash_train_test,image3513.jpg,image11108.jpg
ahash_train_test,image3532.jpg,image11108.jpg
ahash_train_test,image3570.jpg,image11108.jpg
ahash_train_test,image3578.jpg,image11108.jpg
ahash_train_test,image3721.jpg,image11108.jpg
ahash_train_test,image3841.jpg,image11108.jpg
ahash_train_test,image0119.jpg,image11109.jpg
ahash_train_test,image0121.jpg,image11110.jpg
ahash_train_test,image0704.jpg,image11111.jpg
ahash_train_test,image0812.jpg,image11111.jpg
ahash_train_test,image1137.jpg,image11111.jpg
ahash_train_test,image3840.jpg,image11111.jpg
ahash_train_test,image0452.jpg,image11112.jpg
ahash_train_test,image1082.jpg,image11112.jpg
ahash_train_test,image3785.jpg,image11112.jpg
ahash_train_test,image0813.jpg,image11114.jpg
ahash_train_test,image0428.jpg,image11115.jpg
ahash_train_test,image0704.jpg,image11116.jpg
ahash_train_test,image0812.jpg,image11116.jpg
ahash_train_test,image1137.jpg,image11116.jpg
ahash_train_test,image3840.jpg,image11116.jpg
ahash_train_test,image0217.jpg,image11117.jpg
ahash_train_test,image0269.jpg,image11117.jpg
ahash_train_test,image0345.jpg,image11117.jpg
ahash_train_test,image0361.jpg,image11117.jpg
ahash_train_test,image0646.jpg,image11117.jpg
ahash_train_test,image0787.jpg,image11117.jpg
ahash_train_test,image0842.jpg,image11117.jpg
ahash_train_test,image1075.jpg,image11117.jpg
ahash_train_test,image2971.jpg,image11117.jpg
ahash_train_test,image3063.jpg,image11117.jpg
ahash_train_test,image3381.jpg,image11117.jpg
ahash_train_test,image3545.jpg,image11117.jpg
ahash_train_test,image3778.jpg,image11117.jpg
ahash_train_test,image1013.jpg,image11120.jpg
ahash_train_test,image3716.jpg,image11120.jpg
ahash_train_test,image1013.jpg,image11121.jpg
ahash_train_test,image3716.jpg,image11121.jpg
ahash_train_test,image0121.jpg,image11122.jpg
ahash_train_test,image0594.jpg,image11124.jpg
ahash_train_test,image0217.jpg,image11129.jpg
ahash_train_test,image0269.jpg,image11129.jpg
ahash_train_test,image0345.jpg,image11129.jpg
ahash_train_test,image0361.jpg,image11129.jpg
ahash_train_test,image0646.jpg,image11129.jpg
ahash_train_test,image0787.jpg,image11129.jpg
ahash_train_test,image0842.jpg,image11129.jpg
ahash_train_test,image1075.jpg,image11129.jpg
ahash_train_test,image2971.jpg,image11129.jpg
ahash_train_test,image3063.jpg,image11129.jpg
ahash_train_test,image3381.jpg,image11129.jpg
ahash_train_test,image3545.jpg,image11129.jpg
ahash_train_test,image3778.jpg,image11129.jpg
ahash_train_test,image0227.jpg,image11131.jpg
ahash_train_test,image0233.jpg,image11133.jpg
ahash_train_test,image3156.jpg,image11134.jpg
ahash_train_test,image0307.jpg,image11135.jpg
ahash_train_test,image2863.jpg,image11135.jpg
ahash_train_test,image3677.jpg,image11135.jpg
ahash_train_test,image0788.jpg,image11137.jpg
ahash_train_test,image0911.jpg,image11137.jpg
ahash_train_test,image2924.jpg,image11137.jpg
ahash_train_test,image3057.jpg,image11137.jpg
ahash_train_test,image3069.jpg,image11137.jpg
ahash_train_test,image3152.jpg,image11137.jpg
ahash_train_test,image3343.jpg,image11137.jpg
ahash_train_test,image0271.jpg,image11139.jpg
ahash_train_test,image0290.jpg,image11139.jpg
ahash_train_test,image2900.jpg,image11139.jpg
ahash_train_test,image2992.jpg,image11139.jpg
ahash_train_test,image3090.jpg,image11139.jpg
ahash_train_test,image3546.jpg,image11139.jpg
ahash_train_test,image0275.jpg,image11140.jpg
ahash_train_test,image0276.jpg,image11141.jpg
ahash_train_test,image0691.jpg,image11141.jpg
ahash_train_test,image0278.jpg,image11142.jpg
ahash_train_test,image0283.jpg,image11143.jpg
ahash_train_test,image1029.jpg,image11144.jpg
ahash_train_test,image3732.jpg,image11144.jpg
ahash_train_test,image0302.jpg,image11146.jpg
ahash_train_test,image0307.jpg,image11147.jpg
ahash_train_test,image2863.jpg,image11147.jpg
ahash_train_test,image3677.jpg,image11147.jpg
ahash_train_test,image0310.jpg,image11148.jpg
ahash_train_test,image0591.jpg,image11149.jpg
ahash_train_test,image0629.jpg,image11149.jpg
ahash_train_test,image0639.jpg,image11150.jpg
ahash_train_test,image0325.jpg,image11152.jpg
ahash_train_test,image0452.jpg,image11153.jpg
ahash_train_test,image1082.jpg,image11153.jpg
ahash_train_test,image3785.jpg,image11153.jpg
ahash_train_test,image0412.jpg,image11160.jpg
ahash_train_test,image0824.jpg,image11161.jpg
ahash_train_test,image0217.jpg,image11163.jpg
ahash_train_test,image0269.jpg,image11163.jpg
ahash_train_test,image0345.jpg,image11163.jpg
ahash_train_test,image0361.jpg,image11163.jpg
ahash_train_test,image0646.jpg,image11163.jpg
ahash_train_test,image0787.jpg,image11163.jpg
ahash_train_test,image0842.jpg,image11163.jpg
ahash_train_test,image1075.jpg,image11163.jpg
ahash_train_test,image2971.jpg,image11163.jpg
ahash_train_test,image3063.jpg,image11163.jpg
ahash_train_test,image3381.jpg,image11163.jpg
ahash_train_test,image3545.jpg,image11163.jpg
ahash_train_test,image3778.jpg,image11163.jpg
ahash_train_test,image0444.jpg,image11165.jpg
ahash_train_test,image0467.jpg,image11165.jpg
ahash_train_test,image3146.jpg,image11165.jpg
ahash_train_test,image0324.jpg,image11166.jpg
ahash_train_test,image0471.jpg,image11166.jpg
ahash_train_test,image0484.jpg,image11166.jpg
ahash_train_test,image0626.jpg,image11166.jpg
ahash_train_test,image0815.jpg,image11166.jpg
ahash_train_test,image1011.jpg,image11166.jpg
ahash_train_test,image3186.jpg,image11166.jpg
ahash_train_test,image0485.jpg,image11167.jpg
ahash_train_test,image0792.jpg,image11167.jpg
ahash_train_test,image0817.jpg,image11167.jpg
ahash_train_test,image3495.jpg,image11167.jpg
ahash_train_test,image3534.jpg,image11167.jpg
ahash_train_test,image0485.jpg,image11170.jpg
ahash_train_test,image0792.jpg,image11170.jpg
ahash_train_test,image0817.jpg,image11170.jpg
ahash_train_test,image3495.jpg,image11170.jpg
ahash_train_test,image3534.jpg,image11170.jpg
ahash_train_test,image0541.jpg,image11171.jpg
ahash_train_test,image0493.jpg,image11173.jpg
ahash_train_test,image0503.jpg,image11173.jpg
ahash_train_test,image0562.jpg,image11173.jpg
ahash_train_test,image0590.jpg,image11175.jpg
ahash_train_test,image0591.jpg,image11176.jpg
ahash_train_test,image0629.jpg,image11176.jpg
ahash_train_test,image0594.jpg,image11177.jpg
ahash_train_test,image0609.jpg,image11179.jpg
ahash_train_test,image0324.jpg,image11181.jpg
ahash_train_test,image0471.jpg,image11181.jpg
ahash_train_test,image0484.jpg,image11181.jpg
ahash_train_test,image0626.jpg,image11181.jpg
ahash_train_test,image0815.jpg,image11181.jpg
ahash_train_test,image1011.jpg,image11181.jpg
ahash_train_test,image3186.jpg,image11181.jpg
ahash_train_test,image0591.jpg,image11182.jpg
ahash_train_test,image0629.jpg,image11182.jpg
ahash_train_test,image0717.jpg,image11185.jpg
ahash_train_test,image0644.jpg,image11186.jpg
ahash_train_test,image0663.jpg,image11188.jpg
ahash_train_test,image0802.jpg,image11188.jpg
ahash_train_test,image3156.jpg,image11190.jpg
ahash_train_test,image0276.jpg,image11192.jpg
ahash_train_test,image0691.jpg,image11192.jpg
ahash_train_test,image0704.jpg,image11193.jpg
ahash_train_test,image0812.jpg,image11193.jpg
ahash_train_test,image1137.jpg,image11193.jpg
ahash_train_test,image3840.jpg,image11193.jpg
ahash_train_test,image0710.jpg,image11194.jpg
ahash_train_test,image1000.jpg,image11194.jpg
ahash_train_test,image3703.jpg,image11194.jpg
ahash_train_test,image0717.jpg,image11195.jpg
ahash_train_test,image0324.jpg,image11196.jpg
ahash_train_test,image0471.jpg,image11196.jpg
ahash_train_test,image0484.jpg,image11196.jpg
ahash_train_test,image0626.jpg,image11196.jpg
ahash_train_test,image0815.jpg,image11196.jpg
ahash_train_test,image1011.jpg,image11196.jpg
ahash_train_test,image3186.jpg,image11196.jpg
ahash_train_test,image0275.jpg,image11197.jpg
ahash_train_test,image0749.jpg,image11199.jpg
ahash_train_test,image0955.jpg,image11199.jpg
ahash_train_test,image0774.jpg,image11201.jpg
ahash_train_test,image0217.jpg,image11203.jpg
ahash_train_test,image0269.jpg,image11203.jpg
ahash_train_test,image0345.jpg,image11203.jpg
ahash_train_test,image0361.jpg,image11203.jpg
ahash_train_test,image0646.jpg,image11203.jpg
ahash_train_test,image0787.jpg,image11203.jpg
ahash_train_test,image0842.jpg,image11203.jpg
ahash_train_test,image1075.jpg,image11203.jpg
ahash_train_test,image2971.jpg,image11203.jpg
ahash_train_test,image3063.jpg,image11203.jpg
ahash_train_test,image3381.jpg,image11203.jpg
ahash_train_test,image3545.jpg,image11203.jpg
ahash_train_test,image3778.jpg,image11203.jpg
ahash_train_test,image0663.jpg,image11204.jpg
ahash_train_test,image0802.jpg,image11204.jpg
ahash_train_test,image0365.jpg,image11205.jpg
ahash_train_test,image1032.jpg,image11205.jpg
ahash_train_test,image0806.jpg,image11206.jpg
ahash_train_test,image0704.jpg,image11207.jpg
ahash_train_test,image0812.jpg,image11207.jpg
ahash_train_test,image1137.jpg,image11207.jpg
ahash_train_test,image3840.jpg,image11207.jpg
ahash_train_test,image0324.jpg,image11208.jpg
ahash_train_test,image0471.jpg,image11208.jpg
ahash_train_test,image0484.jpg,image11208.jpg
ahash_train_test,image0626.jpg,image11208.jpg
ahash_train_test,image0815.jpg,image11208.jpg
ahash_train_test,image1011.jpg,image11208.jpg
ahash_train_test,image3186.jpg,image11208.jpg
ahash_train_test,image0485.jpg,image11209.jpg
ahash_train_test,image0792.jpg,image11209.jpg
ahash_train_test,image0817.jpg,image11209.jpg
ahash_train_test,image3495.jpg,image11209.jpg
ahash_train_test,image3534.jpg,image11209.jpg
ahash_train_test,image0824.jpg,image11210.jpg
ahash_train_test,image0267.jpg,image11211.jpg
ahash_train_test,image0435.jpg,image11211.jpg
ahash_train_test,image0830.jpg,image11211.jpg
ahash_train_test,image0854.jpg,image11213.jpg
ahash_train_test,image0876.jpg,image11213.jpg
ahash_train_test,image0861.jpg,image11214.jpg
ahash_train_test,image0854.jpg,image11216.jpg
ahash_train_test,image0876.jpg,image11216.jpg
ahash_train_test,image0365.jpg,image11217.jpg
ahash_train_test,image1032.jpg,image11217.jpg
ahash_train_test,image0314.jpg,image11218.jpg
ahash_train_test,image0882.jpg,image11218.jpg
ahash_train_test,image0883.jpg,image11219.jpg
ahash_train_test,image0705.jpg,image11222.jpg
ahash_train_test,image0966.jpg,image11222.jpg
ahash_train_test,image0660.jpg,image11223.jpg
ahash_train_test,image3362.jpg,image11223.jpg
ahash_train_test,image0997.jpg,image11224.jpg
ahash_train_test,image1009.jpg,image11225.jpg
ahash_train_test,image0324.jpg,image11226.jpg
ahash_train_test,image0471.jpg,image11226.jpg
ahash_train_test,image0484.jpg,image11226.jpg
ahash_train_test,image0626.jpg,image11226.jpg
ahash_train_test,image0815.jpg,image11226.jpg
ahash_train_test,image1011.jpg,image11226.jpg
ahash_train_test,image3186.jpg,image11226.jpg
ahash_train_test,image0418.jpg,image11227.jpg
ahash_train_test,image0436.jpg,image11227.jpg
ahash_train_test,image0516.jpg,image11227.jpg
ahash_train_test,image1105.jpg,image11227.jpg
ahash_train_test,image2822.jpg,image11227.jpg
ahash_train_test,image3592.jpg,image11227.jpg
ahash_train_test,image0324.jpg,image11228.jpg
ahash_train_test,image0471.jpg,image11228.jpg
ahash_train_test,image0484.jpg,image11228.jpg
ahash_train_test,image0626.jpg,image11228.jpg
ahash_train_test,image0815.jpg,image11228.jpg
ahash_train_test,image1011.jpg,image11228.jpg
ahash_train_test,image3186.jpg,image11228.jpg
ahash_train_test,image0012.jpg,image11239.jpg
ahash_train_test,image0396.jpg,image11239.jpg
ahash_train_test,image0568.jpg,image11239.jpg
ahash_train_test,image0918.jpg,image11239.jpg
ahash_train_test,image1006.jpg,image11239.jpg
ahash_train_test,image1130.jpg,image11239.jpg
ahash_train_test,image3270.jpg,image11239.jpg
ahash_train_test,image3485.jpg,image11239.jpg
ahash_train_test,image3709.jpg,image11239.jpg
ahash_train_test,image3833.jpg,image11239.jpg
ahash_train_test,56image0068.jpg,image11240.jpg
ahash_train_test,image1839.jpg,image11241.jpg
ahash_train_test,image1464.jpg,image11249.jpg
ahash_train_test,image1603.jpg,image11249.jpg
ahash_train_test,image1860.jpg,image11249.jpg
ahash_train_test,image2666.jpg,image11249.jpg
ahash_train_test,image0227.jpg,image11250.jpg
ahash_train_test,image0327.jpg,image11253.jpg
ahash_train_test,image0930.jpg,image11253.jpg
ahash_train_test,image2801.jpg,image11253.jpg
ahash_train_test,image3029.jpg,image11253.jpg
ahash_train_test,image3498.jpg,image11253.jpg
ahash_train_test,image3770.jpg,image11253.jpg
ahash_train_test,image0225.jpg,image11255.jpg
ahash_train_test,image0886.jpg,image11255.jpg
ahash_train_test,image2785.jpg,image11255.jpg
ahash_train_test,image2869.jpg,image11255.jpg
ahash_train_test,image3589.jpg,image11255.jpg
ahash_train_test,91image43.jpg,image11256.jpg
ahash_train_test,image2846.jpg,image11257.jpg
ahash_train_test,image3236.jpg,image11257.jpg
ahash_train_test,image0115.jpg,image11259.jpg
ahash_train_test,image2392.jpg,image11264.jpg
ahash_train_test,image0208.jpg,image11265.jpg
ahash_train_test,image0280.jpg,image11265.jpg
ahash_train_test,image0297.jpg,image11265.jpg
ahash_train_test,image0313.jpg,image11265.jpg
ahash_train_test,image0524.jpg,image11265.jpg
ahash_train_test,image0534.jpg,image11265.jpg
ahash_train_test,image0706.jpg,image11265.jpg
ahash_train_test,image0748.jpg,image11265.jpg
ahash_train_test,image0784.jpg,image11265.jpg
ahash_train_test,image0785.jpg,image11265.jpg
ahash_train_test,image0952.jpg,image11265.jpg
ahash_train_test,image1019.jpg,image11265.jpg
ahash_train_test,image1076.jpg,image11265.jpg
ahash_train_test,image2999.jpg,image11265.jpg
ahash_train_test,image3408.jpg,image11265.jpg
ahash_train_test,image3438.jpg,image11265.jpg
ahash_train_test,image3450.jpg,image11265.jpg
ahash_train_test,image3487.jpg,image11265.jpg
ahash_train_test,image3488.jpg,image11265.jpg
ahash_train_test,image3621.jpg,image11265.jpg
ahash_train_test,image3722.jpg,image11265.jpg
ahash_train_test,image3779.jpg,image11265.jpg
ahash_train_test,63image0103.jpg,image11269.jpg
ahash_train_test,image3530.jpg,image11270.jpg
ahash_train_test,image1062.jpg,image11272.jpg
ahash_train_test,image1031.jpg,image11273.jpg
ahash_train_test,image0819.jpg,image11276.jpg
ahash_train_test,image2879.jpg,image11276.jpg
ahash_train_test,image3837.jpg,image11276.jpg
ahash_train_test,image0957.jpg,image11277.jpg
ahash_train_test,image2895.jpg,image11277.jpg
ahash_train_test,image1473.jpg,image11284.jpg
ahash_train_test,image0679.jpg,image11285.jpg
ahash_train_test,image3496.jpg,image11290.jpg
ahash_train_test,image0214.jpg,image11291.jpg
ahash_train_test,image0252.jpg,image11291.jpg
ahash_train_test,image0300.jpg,image11291.jpg
ahash_train_test,image0309.jpg,image11291.jpg
ahash_train_test,image0496.jpg,image11291.jpg
ahash_train_test,image0597.jpg,image11291.jpg
ahash_train_test,image0740.jpg,image11291.jpg
ahash_train_test,image0987.jpg,image11291.jpg
ahash_train_test,image3201.jpg,image11291.jpg
ahash_train_test,image3690.jpg,image11291.jpg
ahash_train_test,image3733.jpg,image11291.jpg
ahash_train_test,image2512.jpg,image11297.jpg
ahash_train_test,image0717.jpg,image11300.jpg
ahash_train_test,image2847.jpg,image11307.jpg
ahash_train_test,image0959.jpg,image11313.jpg
ahash_train_test,image0598.jpg,image11316.jpg
ahash_train_test,image3300.jpg,image11316.jpg
ahash_train_test,image1286.jpg,image11317.jpg
ahash_train_test,image0529.jpg,image11318.jpg
ahash_train_test,image3231.jpg,image11318.jpg
ahash_train_test,image3566.jpg,image11319.jpg
ahash_train_test,image0755.jpg,image11321.jpg
ahash_train_test,image1112.jpg,image11321.jpg
ahash_train_test,image0448.jpg,image11323.jpg
ahash_train_test,image3150.jpg,image11323.jpg
ahash_train_test,image0582.jpg,image11326.jpg
ahash_train_test,image3284.jpg,image11326.jpg
ahash_train_test,image3768.jpg,image11326.jpg
ahash_train_test,image3239.jpg,image11327.jpg
ahash_train_test,image0956.jpg,image11328.jpg
ahash_train_test,image3017.jpg,image11328.jpg
ahash_train_test,image3457.jpg,image11328.jpg
ahash_train_test,image3587.jpg,image11328.jpg
ahash_train_test,image3659.jpg,image11328.jpg
ahash_train_test,image1403.jpg,image11329.jpg
ahash_train_test,image2184.jpg,image11329.jpg
ahash_train_test,image0645.jpg,image11330.jpg
ahash_train_test,image0744.jpg,image11330.jpg
ahash_train_test,image0747.jpg,image11330.jpg
ahash_train_test,image0858.jpg,image11330.jpg
ahash_train_test,image0954.jpg,image11330.jpg
ahash_train_test,image0982.jpg,image11330.jpg
ahash_train_test,image1069.jpg,image11330.jpg
ahash_train_test,image2706.jpg,image11330.jpg
ahash_train_test,image2862.jpg,image11330.jpg
ahash_train_test,image2932.jpg,image11330.jpg
ahash_train_test,image2979.jpg,image11330.jpg
ahash_train_test,image3064.jpg,image11330.jpg
ahash_train_test,image3143.jpg,image11330.jpg
ahash_train_test,image3237.jpg,image11330.jpg
ahash_train_test,image3255.jpg,image11330.jpg
ahash_train_test,image3347.jpg,image11330.jpg
ahash_train_test,image3371.jpg,image11330.jpg
ahash_train_test,image3446.jpg,image11330.jpg
ahash_train_test,image3449.jpg,image11330.jpg
ahash_train_test,image3499.jpg,image11330.jpg
ahash_train_test,image3561.jpg,image11330.jpg
ahash_train_test,image3772.jpg,image11330.jpg
ahash_train_test,image1250.jpg,image11333.jpg
ahash_train_test,104image0086.jpg,image11334.jpg
ahash_train_test,64image0078.jpg,image11340.jpg
ahash_train_test,image0731.jpg,image11341.jpg
ahash_train_test,image3433.jpg,image11341.jpg
ahash_train_test,image0428.jpg,image11344.jpg
ahash_train_test,image1086.jpg,image11345.jpg
ahash_train_test,image1117.jpg,image11345.jpg
ahash_train_test,image3248.jpg,image11345.jpg
ahash_train_test,image3789.jpg,image11345.jpg
ahash_train_test,image3834.jpg,image11348.jpg
ahash_train_test,image0119.jpg,image11350.jpg
ahash_train_test,image0489.jpg,image11352.jpg
ahash_train_test,image1129.jpg,image11352.jpg
ahash_train_test,image3191.jpg,image11352.jpg
ahash_train_test,image3594.jpg,image11356.jpg
ahash_train_test,image0422.jpg,image11358.jpg
ahash_train_test,image3462.jpg,image11358.jpg
ahash_train_test,image3303.jpg,image11360.jpg
ahash_train_test,image0481.jpg,image11362.jpg
ahash_train_test,image0803.jpg,image11362.jpg
ahash_train_test,image0903.jpg,image11362.jpg
ahash_train_test,image1049.jpg,image11362.jpg
ahash_train_test,image3298.jpg,image11362.jpg
ahash_train_test,109image0071.jpg,image11363.jpg
ahash_train_test,95image0061.jpg,image11364.jpg
ahash_train_test,70image0095.jpg,image11365.jpg
ahash_train_test,image3658.jpg,image11368.jpg
ahash_train_test,image3185.jpg,image11369.jpg
ahash_train_test,89image0101.jpg,image11372.jpg
ahash_train_test,74image0058.jpg,image11379.jpg
ahash_train_test,image2847.jpg,image11384.jpg
ahash_train_test,image2452.jpg,image11385.jpg
ahash_train_test,image2585.jpg,image11385.jpg
ahash_train_test,image3638.jpg,image11389.jpg
ahash_train_test,image0007.jpg,image11391.jpg
ahash_train_test,image0088.jpg,image11391.jpg
ahash_train_test,image0109.jpg,image11391.jpg
ahash_train_test,image0298.jpg,image11391.jpg
ahash_train_test,image0344.jpg,image11391.jpg
ahash_train_test,image0410.jpg,image11391.jpg
ahash_train_test,image0649.jpg,image11391.jpg
ahash_train_test,image0653.jpg,image11391.jpg
ahash_train_test,image0716.jpg,image11391.jpg
ahash_train_test,image2790.jpg,image11391.jpg
ahash_train_test,image2891.jpg,image11391.jpg
ahash_train_test,image3000.jpg,image11391.jpg
ahash_train_test,image3112.jpg,image11391.jpg
ahash_train_test,image3355.jpg,image11391.jpg
ahash_train_test,image3418.jpg,image11391.jpg
ahash_train_test,image0944.jpg,image11392.jpg
ahash_train_test,image3597.jpg,image11392.jpg
ahash_train_test,image3511.jpg,image11400.jpg
ahash_train_test,image0208.jpg,image11403.jpg
ahash_train_test,image0280.jpg,image11403.jpg
ahash_train_test,image0297.jpg,image11403.jpg
ahash_train_test,image0313.jpg,image11403.jpg
ahash_train_test,image0524.jpg,image11403.jpg
ahash_train_test,image0534.jpg,image11403.jpg
ahash_train_test,image0706.jpg,image11403.jpg
ahash_train_test,image0748.jpg,image11403.jpg
ahash_train_test,image0784.jpg,image11403.jpg
ahash_train_test,image0785.jpg,image11403.jpg
ahash_train_test,image0952.jpg,image11403.jpg
ahash_train_test,image1019.jpg,image11403.jpg
ahash_train_test,image1076.jpg,image11403.jpg
ahash_train_test,image2999.jpg,image11403.jpg
ahash_train_test,image3408.jpg,image11403.jpg
ahash_train_test,image3438.jpg,image11403.jpg
ahash_train_test,image3450.jpg,image11403.jpg
ahash_train_test,image3487.jpg,image11403.jpg
ahash_train_test,image3488.jpg,image11403.jpg
ahash_train_test,image3621.jpg,image11403.jpg
ahash_train_test,image3722.jpg,image11403.jpg
ahash_train_test,image3779.jpg,image11403.jpg
ahash_train_test,image0823.jpg,image11406.jpg
ahash_train_test,image1023.jpg,image11406.jpg
ahash_train_test,image3767.jpg,image11406.jpg
ahash_train_test,74image0091.jpg,image11409.jpg
ahash_train_test,image2168.jpg,image11414.jpg
ahash_train_test,image3687.jpg,image11421.jpg
ahash_train_test,88image0082.jpg,image11423.jpg
ahash_train_test,96image0066.jpg,image11424.jpg
ahash_train_test,63image0070.jpg,image11425.jpg
ahash_train_test,image0442.jpg,image11426.jpg
ahash_train_test,image0569.jpg,image11426.jpg
ahash_train_test,image0655.jpg,image11426.jpg
ahash_train_test,image0698.jpg,image11426.jpg
ahash_train_test,image0800.jpg,image11426.jpg
ahash_train_test,image0810.jpg,image11426.jpg
ahash_train_test,image0829.jpg,image11426.jpg
ahash_train_test,image0867.jpg,image11426.jpg
ahash_train_test,image0875.jpg,image11426.jpg
ahash_train_test,image0923.jpg,image11426.jpg
ahash_train_test,image0965.jpg,image11426.jpg
ahash_train_test,image1018.jpg,image11426.jpg
ahash_train_test,image1056.jpg,image11426.jpg
ahash_train_test,image1138.jpg,image11426.jpg
ahash_train_test,image2720.jpg,image11426.jpg
ahash_train_test,image2906.jpg,image11426.jpg
ahash_train_test,image2930.jpg,image11426.jpg
ahash_train_test,image2968.jpg,image11426.jpg
ahash_train_test,image3022.jpg,image11426.jpg
ahash_train_test,image3061.jpg,image11426.jpg
ahash_train_test,image3105.jpg,image11426.jpg
ahash_train_test,image3106.jpg,image11426.jpg
ahash_train_test,image3144.jpg,image11426.jpg
ahash_train_test,image3149.jpg,image11426.jpg
ahash_train_test,image3157.jpg,image11426.jpg
ahash_train_test,image3271.jpg,image11426.jpg
ahash_train_test,image3281.jpg,image11426.jpg
ahash_train_test,image3291.jpg,image11426.jpg
ahash_train_test,image3357.jpg,image11426.jpg
ahash_train_test,image3400.jpg,image11426.jpg
ahash_train_test,image3503.jpg,image11426.jpg
ahash_train_test,image3513.jpg,image11426.jpg
ahash_train_test,image3532.jpg,image11426.jpg
ahash_train_test,image3570.jpg,image11426.jpg
ahash_train_test,image3578.jpg,image11426.jpg
ahash_train_test,image3721.jpg,image11426.jpg
ahash_train_test,image3841.jpg,image11426.jpg
ahash_train_test,image2851.jpg,image11428.jpg
ahash_train_test,image2831.jpg,image11435.jpg
ahash_train_test,image2852.jpg,image11441.jpg
ahash_train_test,image2962.jpg,image11441.jpg
ahash_train_test,image3363.jpg,image11441.jpg
ahash_train_test,image2876.jpg,image11444.jpg
ahash_train_test,image0076.jpg,image11445.jpg
ahash_train_test,image0637.jpg,image11445.jpg
ahash_train_test,image3156.jpg,image11447.jpg
ahash_train_test,image3727.jpg,image11449.jpg
ahash_train_test,image0442.jpg,image11453.jpg
ahash_train_test,image0569.jpg,image11453.jpg
ahash_train_test,image0655.jpg,image11453.jpg
ahash_train_test,image0698.jpg,image11453.jpg
ahash_train_test,image0800.jpg,image11453.jpg
ahash_train_test,image0810.jpg,image11453.jpg
ahash_train_test,image0829.jpg,image11453.jpg
ahash_train_test,image0867.jpg,image11453.jpg
ahash_train_test,image0875.jpg,image11453.jpg
ahash_train_test,image0923.jpg,image11453.jpg
ahash_train_test,image0965.jpg,image11453.jpg
ahash_train_test,image1018.jpg,image11453.jpg
ahash_train_test,image1056.jpg,image11453.jpg
ahash_train_test,image1138.jpg,image11453.jpg
ahash_train_test,image2720.jpg,image11453.jpg
ahash_train_test,image2906.jpg,image11453.jpg
ahash_train_test,image2930.jpg,image11453.jpg
ahash_train_test,image2968.jpg,image11453.jpg
ahash_train_test,image3022.jpg,image11453.jpg
ahash_train_test,image3061.jpg,image11453.jpg
ahash_train_test,image3105.jpg,image11453.jpg
ahash_train_test,image3106.jpg,image11453.jpg
ahash_train_test,image3144.jpg,image11453.jpg
ahash_train_test,image3149.jpg,image11453.jpg
ahash_train_test,image3157.jpg,image11453.jpg
ahash_train_test,image3271.jpg,image11453.jpg
ahash_train_test,image3281.jpg,image11453.jpg
ahash_train_test,image3291.jpg,image11453.jpg
ahash_train_test,image3357.jpg,image11453.jpg
ahash_train_test,image3400.jpg,image11453.jpg
ahash_train_test,image3503.jpg,image11453.jpg
ahash_train_test,image3513.jpg,image11453.jpg
ahash_train_test,image3532.jpg,image11453.jpg
ahash_train_test,image3570.jpg,image11453.jpg
ahash_train_test,image3578.jpg,image11453.jpg
ahash_train_test,image3721.jpg,image11453.jpg
ahash_train_test,image3841.jpg,image11453.jpg
ahash_train_test,54image0079.jpg,image11457.jpg
ahash_train_test,image1013.jpg,image11461.jpg
ahash_train_test,image3716.jpg,image11461.jpg
ahash_train_test,image1250.jpg,image11462.jpg
ahash_train_test,image3156.jpg,image11463.jpg
ahash_train_test,108image0081.jpg,image11465.jpg
